"1","2","3","4","5","6","7","8","9","10","11","12","13","14","15","16","17","18","19","20","21","22","23","24","25","26","27","28","29","30","31","32","33","34","35","36","37","38","39","40","41","42","43","44","45","46","47","48","49","50","51","52","53","54","55","56","57","58","59","60","61","62","63","64","65","66","67","68","69","70","71","72"
"-0.001444492","-0.001248846","-0.000941656","-0.000550441","-0.000172281","0.00012563","0.000272711","0.00037569","0.000684447","0.001171228","0.001741007","0.002312311","0.002677312","0.002632121","0.002275022","0.001769276","0.001201479","0.000642822","0.000118131","-0.000395145","-0.000904554","-0.001356944","-0.001681333","-0.001834165","-0.001765876","-0.001445897","-0.000866627","-0.0000617765","0.000869306","0.00177439","0.002512378","0.002874105","0.002678903","0.002097625","0.001464434","0.000867725","0.000283176","-0.000286491","-0.000880631","-0.001485317","-0.002029651","-0.002448068","-0.002716036","-0.002815793","-0.002745423","-0.002518748","-0.002163775","-0.001720041","-0.001235598","-0.000761648","-0.000267551","0.000328691","0.001026005","0.001707428","0.00236368","0.003060237","0.003810182","0.004537587","0.005131503","0.005483309","0.005346857","0.004586213","0.00336933","0.001921429","0.000427139","-0.000919128","-0.002043543","-0.00293476","-0.00364278","-0.004231988","-0.004607935","-0.004644873"
"-0.001465925","-0.001262937","-0.000948354","-0.000547887","-0.000160742","0.000143346","0.000289216","0.000385865","0.000688045","0.001169317","0.001734837","0.002303608","0.002666101","0.002621837","0.002265395","0.001760147","0.001197477","0.000646714","0.000129254","-0.000378229","-0.000883774","-0.001334516","-0.001663421","-0.001823637","-0.001767131","-0.001459003","-0.000894958","-0.000103026","0.000817378","0.00171868","0.002458994","0.00282592","0.002638221","0.002062812","0.001444126","0.000866136","0.000303115","-0.000248052","-0.000825426","-0.00141917","-0.001955949","-0.002373885","-0.002644241","-0.002751119","-0.002690578","-0.002481133","-0.002137283","-0.001704993","-0.001232639","-0.000766595","-0.000280333","0.000311537","0.00101049","0.001689455","0.00234346","0.003039542","0.003794739","0.0045545","0.005163063","0.005541755","0.005406083","0.004634608","0.00340447","0.001937114","0.000430298","-0.000936973","-0.002076645","-0.00297183","-0.00369494","-0.004314119","-0.00468233","-0.004701886"
"-0.001474316","-0.001277941","-0.00096788","-0.000573574","-0.000192615","0.00010814","0.000258761","0.000361676","0.000674543","0.001173119","0.001768938","0.002378381","0.002771462","0.002735242","0.002372036","0.001854262","0.001274467","0.000707871","0.000175234","-0.000349648","-0.00087628","-0.001349175","-0.001698897","-0.00187743","-0.001834673","-0.001531056","-0.00095935","-0.000147","0.000807942","0.001755221","0.002540839","0.002933973","0.002741614","0.00214119","0.001496513","0.000901278","0.000327236","-0.000240584","-0.000838939","-0.001455107","-0.002013317","-0.0024529","-0.002741704","-0.002863998","-0.002813761","-0.002602015","-0.002251237","-0.001803394","-0.001314727","-0.000830784","-0.00032942","0.000274555","0.00099232","0.001689102","0.002363056","0.003086689","0.003865744","0.004622949","0.005241452","0.005615887","0.005484295","0.004720215","0.003478755","0.001976456","0.000462734","-0.000906806","-0.002042528","-0.002953167","-0.003697704","-0.004328954","-0.004721643","-0.00476795"
"-0.001445499","-0.00124867","-0.000942557","-0.00055359","-0.000177172","0.000117428","0.00026362","0.000365782","0.000672265","0.001155405","0.001728227","0.002309706","0.002680913","0.002638504","0.002279597","0.001773068","0.001206267","0.000652244","0.000135273","-0.000374563","-0.000881665","-0.001333574","-0.001664243","-0.00182756","-0.001772626","-0.001468919","-0.000905702","-0.000110071","0.000815998","0.001726771","0.002478644","0.002853422","0.002664411","0.00208036","0.001451514","0.000869863","0.000304377","-0.000252901","-0.000837893","-0.001438149","-0.001978257","-0.002398475","-0.002673528","-0.00278155","-0.002723168","-0.002508008","-0.002161427","-0.001722298","-0.001243123","-0.000772933","-0.000285822","0.00030163","0.001005339","0.001676071","0.002322584","0.003020274","0.003765943","0.004504846","0.005118693","0.005488736","0.005366987","0.004610234","0.003395153","0.001946771","0.000451388","-0.00089605","-0.002011094","-0.002902467","-0.00362592","-0.004250985","-0.004633881","-0.004657557"
"-0.001466695","-0.001268231","-0.000957129","-0.000561948","-0.000180999","0.000117901","0.00026663","0.000368166","0.000677562","0.001171586","0.001758909","0.002358347","0.002743031","0.002705058","0.002344046","0.001829184","0.001254611","0.000691024","0.000159763","-0.000360746","-0.000883594","-0.001351799","-0.001695617","-0.001867776","-0.001819229","-0.001511222","-0.000935572","-0.000123722","0.000829236","0.00176675","0.00254267","0.0029279","0.002734227","0.002137841","0.001496394","0.000897212","0.000316809","-0.000258111","-0.000862034","-0.001477658","-0.002035798","-0.002469701","-0.002752513","-0.002862576","-0.002805519","-0.002582624","-0.002225977","-0.001773617","-0.001281084","-0.000803576","-0.000308222","0.000290184","0.001000134","0.001688836","0.00235425","0.003065713","0.003839981","0.004591682","0.005215963","0.005588231","0.005469967","0.004707351","0.003487307","0.002010498","0.000498077","-0.00086882","-0.002011691","-0.002917667","-0.003657005","-0.004287845","-0.00467892","-0.00472397"
"-0.001466961","-0.001267201","-0.000957063","-0.000562175","-0.000179112","0.000120172","0.000266769","0.000362165","0.000659113","0.001143394","0.001723525","0.002324641","0.002716133","0.002682338","0.002327762","0.001825297","0.001263235","0.000714885","0.000202187","-0.00030353","-0.000812731","-0.001275964","-0.001619701","-0.001800341","-0.001764313","-0.001477959","-0.000928272","-0.000140114","0.000795661","0.001722569","0.002497313","0.002890522","0.002698826","0.002103507","0.001469176","0.000885402","0.00032835","-0.00022554","-0.000812532","-0.001422165","-0.00198173","-0.00242381","-0.002716322","-0.002842393","-0.002793764","-0.002589507","-0.002248393","-0.001802652","-0.001318113","-0.000841218","-0.000338885","0.000274734","0.000998407","0.001697759","0.002370452","0.003093489","0.003873973","0.004635579","0.005265222","0.005638871","0.005521921","0.004739468","0.003478192","0.001969953","0.000423155","-0.00096328","-0.002118677","-0.003015705","-0.00374653","-0.004359229","-0.004734163","-0.004764478"
"-0.001329193","-0.00115589","-0.000883589","-0.000532226","-0.000187657","0.0000844912","0.000222498","0.00032117","0.000607297","0.001064952","0.001610506","0.002164594","0.002522295","0.002494279","0.002167449","0.001700053","0.001173887","0.00065898","0.000174085","-0.000303848","-0.000783716","-0.001216101","-0.001534547","-0.00169597","-0.00165292","-0.001373769","-0.000849017","-0.000105511","0.00076554","0.001622939","0.002330825","0.002683318","0.002503845","0.001957226","0.001363155","0.000815671","0.0002838","-0.000237931","-0.000778448","-0.001338358","-0.001849232","-0.002250431","-0.002514428","-0.002620627","-0.002569861","-0.002372304","-0.002050437","-0.001640889","-0.001192066","-0.000752282","-0.000291416","0.000266569","0.000921591","0.001560122","0.002173433","0.002830979","0.003537061","0.00422412","0.004782149","0.005109149","0.004977721","0.004265223","0.003138195","0.001786183","0.000400635","-0.000853186","-0.001892175","-0.002726937","-0.003385948","-0.003943698","-0.004285716","-0.004307332"
"-0.001490093","-0.001286609","-0.000969332","-0.000565923","-0.000175006","0.000131913","0.000281372","0.000383277","0.000695081","0.001189996","0.001770902","0.002358508","0.002733822","0.002690416","0.002325501","0.001807602","0.001230864","0.00066512","0.000132384","-0.00039219","-0.000913049","-0.001378563","-0.001718292","-0.001885968","-0.001829923","-0.00151886","-0.000942823","-0.000132218","0.000814229","0.001743575","0.002511874","0.002899537","0.002712951","0.002130015","0.001496241","0.000905473","0.000335585","-0.000231286","-0.000825584","-0.001436719","-0.001990798","-0.002425444","-0.002708274","-0.00282259","-0.002769751","-0.002558054","-0.002205606","-0.001759803","-0.001272273","-0.0007923","-0.000296742","0.000306425","0.001013544","0.001707832","0.002371985","0.003091818","0.003867523","0.004639737","0.005285186","0.00566738","0.005548749","0.004773359","0.003523633","0.00202373","0.000482774","-0.000904364","-0.002071232","-0.003008649","-0.003757297","-0.004394452","-0.004794132","-0.004827219"
"-0.00148756","-0.00128168","-0.000965555","-0.000564188","-0.000175224","0.000129807","0.000274582","0.000364484","0.000657988","0.001135519","0.001707688","0.002296229","0.002680487","0.002648601","0.002296412","0.001796818","0.001238678","0.000692086","0.000181036","-0.000319898","-0.000824655","-0.001279109","-0.001616779","-0.001789844","-0.001748013","-0.001456904","-0.000904488","-0.000116613","0.000811461","0.001728532","0.002493678","0.002881867","0.002692678","0.002103413","0.001466357","0.000879162","0.000310962","-0.000249139","-0.00083695","-0.001443862","-0.001997689","-0.002432992","-0.002718241","-0.002838463","-0.002783096","-0.002571033","-0.002219201","-0.001770168","-0.001279957","-0.000799414","-0.000296457","0.000310432","0.001025655","0.001717464","0.002379091","0.00309866","0.003885063","0.004654197","0.005296847","0.005675084","0.005552019","0.004766903","0.003508522","0.001989827","0.000453507","-0.000944016","-0.002108077","-0.003039456","-0.003804603","-0.004440488","-0.004819891","-0.004840255"
"-0.001474209","-0.001274784","-0.000963546","-0.00056593","-0.000179248","0.000123893","0.000275587","0.000376925","0.000684007","0.001171255","0.001740431","0.002316782","0.002682206","0.002638076","0.002280167","0.001774813","0.00120705","0.000650104","0.000125921","-0.000389295","-0.000902523","-0.00135943","-0.00169244","-0.001855149","-0.001799922","-0.001489293","-0.000920236","-0.000120554","0.000809382","0.001717934","0.00246806","0.002845918","0.002660779","0.002085054","0.001460886","0.000880057","0.000316461","-0.000243152","-0.000832862","-0.0014341","-0.001977158","-0.002398737","-0.002674696","-0.002781473","-0.002721586","-0.002505605","-0.002156184","-0.001715476","-0.00123743","-0.000766788","-0.000277513","0.000312828","0.001008924","0.001684409","0.002336875","0.003037977","0.003810307","0.004557581","0.005174953","0.00555005","0.005414771","0.004650904","0.003423238","0.001959495","0.000468507","-0.000887385","-0.002013589","-0.002932962","-0.003663373","-0.004283518","-0.004667924","-0.004704803"
"-0.001459633","-0.001251193","-0.000933628","-0.000532928","-0.000148911","0.000146961","0.000283487","0.000368558","0.000656111","0.001121952","0.001672342","0.002238186","0.002604668","0.002565697","0.002216472","0.001724309","0.001179284","0.000645306","0.000145981","-0.000342071","-0.000831703","-0.001274991","-0.001601772","-0.001767997","-0.001724374","-0.001439214","-0.000899676","-0.000133464","0.000764425","0.001651512","0.002390601","0.002766077","0.002582051","0.002012155","0.001402079","0.000842771","0.000303335","-0.000236353","-0.000801718","-0.001380589","-0.001904455","-0.002311163","-0.002571451","-0.002676555","-0.002619595","-0.002409516","-0.002072396","-0.001644454","-0.001185606","-0.000729905","-0.00026289","0.0002987","0.000966946","0.001615445","0.002243367","0.00292895","0.003676781","0.004427323","0.005052236","0.005435518","0.005328638","0.004593066","0.003394634","0.001948515","0.000477077","-0.000858209","-0.001972266","-0.002839173","-0.003549366","-0.004167167","-0.004572367","-0.004635391"
"-0.00150235","-0.001297684","-0.000981473","-0.000580748","-0.000190927","0.000116294","0.000263105","0.00035435","0.000652908","0.001140404","0.001729739","0.002346707","0.002750602","0.002721262","0.002363414","0.001852981","0.001285567","0.000730884","0.000211159","-0.000298842","-0.0008138","-0.001281982","-0.001632538","-0.001814386","-0.001777227","-0.001484573","-0.000924456","-0.000119796","0.000834416","0.00178296","0.002576235","0.002977643","0.002782245","0.002166109","0.001507811","0.000901909","0.000312038","-0.00026938","-0.000882093","-0.001509505","-0.002084451","-0.002532675","-0.002826579","-0.002945707","-0.002892715","-0.002670955","-0.002310246","-0.001843451","-0.001334721","-0.000834576","-0.00031845","0.000302399","0.001038976","0.001747673","0.002431071","0.003168121","0.003958434","0.004745159","0.005392371","0.005782822","0.00564023","0.004851389","0.003573203","0.00203091","0.000464119","-0.000947333","-0.002130907","-0.003065362","-0.003836756","-0.00448243","-0.004882295","-0.004925809"
"-0.001437552","-0.001243715","-0.000943807","-0.000560015","-0.000184151","0.000112296","0.000258163","0.000353636","0.000651801","0.001135866","0.001712529","0.002308457","0.002693931","0.002658556","0.002302496","0.001798289","0.001237508","0.000687112","0.000170349","-0.00033459","-0.000841078","-0.00129903","-0.001635946","-0.001802734","-0.001754337","-0.001454339","-0.000892432","-0.0000941401","0.000842","0.001766508","0.00253454","0.002919913","0.002726265","0.002127712","0.001481571","0.000889874","0.000316099","-0.00025426","-0.000850301","-0.001463736","-0.002026662","-0.002467781","-0.002757185","-0.002879555","-0.002826024","-0.002608814","-0.002253764","-0.001797944","-0.001305574","-0.000814227","-0.000306446","0.000305524","0.001019621","0.001714172","0.002382273","0.003101859","0.003862665","0.004607023","0.005216283","0.005574315","0.00543248","0.004659582","0.003419389","0.001928761","0.000420468","-0.000948909","-0.002082441","-0.002994661","-0.00371483","-0.004337046","-0.004741154","-0.004783303"
"-0.001191897","-0.001040891","-0.000802673","-0.000494157","-0.00019433","0.0000481012","0.000182697","0.00029013","0.000572962","0.001022311","0.001566719","0.002131875","0.002494451","0.002462089","0.002134867","0.001663428","0.001135867","0.000619867","0.00013708","-0.000334517","-0.000805545","-0.001229266","-0.001544626","-0.001701127","-0.001655794","-0.001376596","-0.000853738","-0.000110864","0.000763415","0.001629708","0.002347395","0.002706286","0.002524428","0.00196802","0.001373694","0.000821666","0.000289274","-0.000234879","-0.000782079","-0.001344911","-0.001858116","-0.002258921","-0.002521492","-0.00262549","-0.002570203","-0.0023668","-0.002044027","-0.001630577","-0.001178622","-0.000746312","-0.000298152","0.000246605","0.000884828","0.001500919","0.002089217","0.002719704","0.003381827","0.004012648","0.004508321","0.004784537","0.004670379","0.004009882","0.002962509","0.001684253","0.000379448","-0.000791065","-0.001768403","-0.002537148","-0.003147987","-0.003672061","-0.003996351","-0.00402084"
"-0.001481601","-0.001277902","-0.000963452","-0.000562923","-0.000175233","0.000127589","0.000274247","0.000371497","0.000674859","0.001162324","0.001737311","0.002328052","0.002708105","0.002669025","0.002308956","0.0017981","0.00123082","0.000672629","0.000148559","-0.000362217","-0.000873196","-0.001331271","-0.001668231","-0.001835061","-0.001784653","-0.001479642","-0.000913292","-0.000112828","0.000822231","0.001744226","0.002507916","0.002892144","0.002697055","0.002104749","0.001466776","0.000879393","0.000308901","-0.000258212","-0.00084965","-0.001453976","-0.002008189","-0.002434717","-0.002712158","-0.002822573","-0.002763273","-0.002543471","-0.002194247","-0.001746141","-0.001262062","-0.000785964","-0.000290049","0.000307652","0.001012035","0.001696796","0.002358048","0.003065775","0.003825566","0.004582767","0.005212319","0.00558566","0.00546332","0.004700106","0.003463497","0.00198208","0.000461031","-0.000908672","-0.002049935","-0.002949028","-0.003676069","-0.004303157","-0.004695133","-0.004734549"
"-0.001493607","-0.001291446","-0.000978003","-0.000577353","-0.000186262","0.000119555","0.000270622","0.000373669","0.000691403","0.001197133","0.001796772","0.002408204","0.002801555","0.002760922","0.002390363","0.001863855","0.001274693","0.000695349","0.000151078","-0.000379498","-0.000908169","-0.001381542","-0.001726064","-0.001891875","-0.001829906","-0.001505143","-0.000908042","-0.000067897","0.000912277","0.001873177","0.002665892","0.003059103","0.002855745","0.00223514","0.001565996","0.000938451","0.000327965","-0.0002755","-0.000903963","-0.001547793","-0.002137636","-0.002597821","-0.002898697","-0.003016684","-0.002957348","-0.002726647","-0.002353097","-0.001878651","-0.001360885","-0.000849713","-0.000319873","0.000315852","0.001065449","0.001796584","0.002493634","0.003227534","0.004016082","0.004782406","0.005402929","0.005760867","0.005605114","0.004806557","0.003534698","0.00201002","0.000451149","-0.00096222","-0.002144226","-0.003072886","-0.003816671","-0.004449308","-0.004839994","-0.004873822"
"-0.001495411","-0.001283348","-0.00095901","-0.000547984","-0.000144696","0.000168169","0.000311088","0.000392923","0.000681323","0.001157194","0.001721198","0.002302245","0.00267881","0.00263963","0.002283455","0.001781955","0.001222638","0.000677887","0.000168038","-0.000331026","-0.000831864","-0.001281279","-0.001611854","-0.001776764","-0.001729343","-0.001432867","-0.000877855","-0.0000891859","0.000838888","0.001757966","0.002523956","0.002914061","0.002724166","0.002129426","0.001488334","0.00089624","0.000319864","-0.000246852","-0.000837381","-0.001447081","-0.002009663","-0.002451947","-0.002745014","-0.002869086","-0.002821586","-0.00260995","-0.002260415","-0.001802225","-0.001301368","-0.000807457","-0.000290552","0.000327431","0.001053782","0.001751055","0.002422987","0.003146222","0.003932171","0.004718211","0.005365653","0.005753481","0.0056162","0.004815495","0.003537188","0.001994733","0.000419031","-0.000997286","-0.002159513","-0.003066954","-0.003806344","-0.00444671","-0.004838356","-0.004880216"
"-0.001484682","-0.001278117","-0.000959691","-0.000557054","-0.000168472","0.000133999","0.000277626","0.000371011","0.000670388","0.001149503","0.001718321","0.002302673","0.002680743","0.002644153","0.002287259","0.001783528","0.001222371","0.000672235","0.000157174","-0.000344567","-0.000849117","-0.001303737","-0.001640439","-0.001809933","-0.001765408","-0.00147257","-0.000918852","-0.00013402","0.000789902","0.001702477","0.002463275","0.002846775","0.00265738","0.002070368","0.001442132","0.000867145","0.00030495","-0.000250897","-0.000834249","-0.001433386","-0.001974357","-0.00239315","-0.00266502","-0.002775523","-0.002712642","-0.002495627","-0.002149542","-0.001706073","-0.00122548","-0.00076163","-0.000280745","0.000299057","0.000985241","0.001658543","0.002310169","0.003010182","0.003768541","0.004531508","0.005159933","0.005541155","0.005443519","0.004686302","0.003461055","0.001985821","0.000479312","-0.000890843","-0.00203746","-0.002939722","-0.003667876","-0.004293377","-0.004677249","-0.004717345"
"-0.001516801","-0.001304986","-0.000982597","-0.00057366","-0.000172324","0.000140804","0.000291045","0.000384798","0.00068844","0.001179785","0.00176271","0.002353141","0.002734359","0.002696137","0.002335756","0.001824665","0.001254995","0.000694722","0.000170382","-0.000343348","-0.000857711","-0.001318189","-0.001656242","-0.001821941","-0.001765703","-0.001454133","-0.000878031","-0.0000692374","0.000874419","0.001801745","0.002564915","0.002942278","0.002745219","0.002142182","0.001489022","0.000885626","0.000296643","-0.000284374","-0.000884673","-0.001499943","-0.002060853","-0.002495672","-0.002778912","-0.002889256","-0.002829838","-0.002605502","-0.002245834","-0.001789769","-0.001291366","-0.000800305","-0.000289176","0.000332349","0.001058199","0.001757149","0.002437155","0.003164811","0.003944075","0.004723116","0.005365499","0.005755926","0.005615974","0.00482106","0.003546033","0.002015804","0.000449734","-0.000964465","-0.002145778","-0.00307515","-0.003818609","-0.004450983","-0.004828937","-0.004856996"
"-0.001475558","-0.00126741","-0.000951438","-0.000550049","-0.00015979","0.000142058","0.000284436","0.000372263","0.000667871","0.001146169","0.001714674","0.002302215","0.00268149","0.002641598","0.002281972","0.001775992","0.00121488","0.000666083","0.000152222","-0.000348795","-0.00084963","-0.001299098","-0.001630565","-0.001794468","-0.001745706","-0.001446437","-0.000887028","-0.0000917273","0.000840975","0.001763126","0.002531861","0.002922148","0.002731131","0.002131699","0.001485795","0.000890113","0.000312304","-0.000259936","-0.00085902","-0.001475039","-0.002034752","-0.002467438","-0.002752327","-0.002869423","-0.002816149","-0.00259748","-0.002245887","-0.001788603","-0.001291625","-0.000801715","-0.000293029","0.000315935","0.00103999","0.00173228","0.002398643","0.003116474","0.003896153","0.004665099","0.005298078","0.005687701","0.005554731","0.004775512","0.003522121","0.002012949","0.000463027","-0.000936457","-0.002090497","-0.003012139","-0.003751979","-0.004391159","-0.004803573","-0.004863888"
"-0.001486896","-0.001278927","-0.000960865","-0.00055826","-0.000167982","0.00013359","0.000277999","0.000369508","0.000661675","0.001132031","0.001689624","0.002265168","0.00263692","0.00260306","0.002254656","0.001763711","0.001216531","0.000679362","0.000177758","-0.0003141","-0.000810098","-0.0012598","-0.001590401","-0.00176087","-0.001719252","-0.00143507","-0.000895628","-0.000129458","0.00076916","0.001659764","0.002399786","0.002772564","0.00258641","0.002009837","0.001394931","0.000832015","0.000287976","-0.000251694","-0.000816656","-0.001401536","-0.001927628","-0.002335299","-0.002599008","-0.00270273","-0.002645922","-0.00243622","-0.002095616","-0.001665018","-0.001196658","-0.000739386","-0.000266197","0.000307257","0.000988952","0.001647776","0.002283401","0.002973704","0.003727105","0.004479743","0.005106692","0.005485991","0.005379162","0.004625372","0.003399486","0.001928855","0.000428615","-0.000920322","-0.00201815","-0.002907853","-0.003629014","-0.004242177","-0.004624937","-0.004666543"
"-0.001466364","-0.001259012","-0.000940786","-0.000537732","-0.000144648","0.000156534","0.000294429","0.000380748","0.000675392","0.001147008","0.001696636","0.002254323","0.002606024","0.002561474","0.002210403","0.001718526","0.0011671","0.000624651","0.000116453","-0.000380231","-0.000872987","-0.001312166","-0.001627943","-0.001779308","-0.001715171","-0.001407664","-0.000842238","-0.000053049","0.000857767","0.001750111","0.00248173","0.00284693","0.002658455","0.002086953","0.001460498","0.000877896","0.0003049","-0.000258392","-0.000842904","-0.001445915","-0.001990045","-0.002413352","-0.002689036","-0.002799588","-0.002738215","-0.00252302","-0.002172849","-0.001728365","-0.001243076","-0.000761744","-0.000264326","0.000333853","0.001038345","0.001724608","0.002385996","0.003091778","0.003856586","0.004615293","0.005253484","0.005645327","0.005519568","0.004742038","0.003491112","0.001985374","0.000439214","-0.000953543","-0.002107194","-0.003037491","-0.003775433","-0.004415553","-0.004814707","-0.004859139"
"-0.00147179","-0.001267126","-0.000952573","-0.000551101","-0.000158394","0.000147369","0.000290019","0.000379503","0.000675161","0.001157306","0.00172085","0.002292419","0.002656296","0.002618543","0.002267371","0.00177088","0.001216111","0.000668362","0.00015547","-0.000348662","-0.000848035","-0.001296333","-0.001622303","-0.001781648","-0.001723032","-0.001413322","-0.00084652","-0.0000536661","0.000870445","0.001778095","0.002522301","0.002890453","0.002700007","0.002116296","0.001479238","0.000883786","0.000305283","-0.000264739","-0.000853017","-0.001461483","-0.002015881","-0.002452675","-0.00274038","-0.002856598","-0.002798642","-0.00258388","-0.002234955","-0.001785894","-0.001289982","-0.000801202","-0.000287467","0.000332248","0.001060835","0.001762143","0.002435637","0.003153675","0.003927244","0.004700617","0.005330418","0.00571622","0.005570602","0.004772278","0.003485388","0.001966659","0.000403406","-0.001011946","-0.002182062","-0.003093684","-0.00381662","-0.004435964","-0.004813829","-0.004837281"
"-0.00142896","-0.001230753","-0.000924864","-0.000537205","-0.000162157","0.000128165","0.000263628","0.000351391","0.000636666","0.001094463","0.001635586","0.002190838","0.002546174","0.002513313","0.002178484","0.001705576","0.001173981","0.000651362","0.000160006","-0.000322478","-0.000803726","-0.001238925","-0.00155779","-0.00171958","-0.001673889","-0.001390325","-0.000858003","-0.000108575","0.000769558","0.001630982","0.002345035","0.002699748","0.002519969","0.001967296","0.001369585","0.00081872","0.000282716","-0.000244342","-0.000799101","-0.001371126","-0.00188578","-0.002282458","-0.002539364","-0.002636607","-0.002576767","-0.002368822","-0.002035788","-0.001617626","-0.001163602","-0.000721413","-0.000258803","0.000302115","0.000962972","0.001608696","0.002232281","0.002901186","0.003628445","0.004352511","0.004950563","0.005321159","0.005201803","0.004463506","0.003290226","0.001879529","0.000433635","-0.000877326","-0.001961819","-0.002836269","-0.003535486","-0.004122485","-0.004483785","-0.004515365"
"-0.00150358","-0.00129341","-0.000971291","-0.000562939","-0.000166361","0.000139052","0.00028347","0.00037412","0.000670627","0.001151683","0.001719468","0.002301431","0.002674106","0.002639074","0.002287222","0.001789134","0.001232322","0.000686241","0.000176092","-0.00032636","-0.000829647","-0.001283346","-0.001617424","-0.001788135","-0.00174311","-0.001448963","-0.000890773","-0.000105476","0.000814813","0.001721449","0.00247237","0.002847302","0.002656927","0.002074718","0.001445742","0.000862965","0.000302603","-0.000251429","-0.000832898","-0.001434863","-0.001979985","-0.002404271","-0.002685341","-0.002798422","-0.002742048","-0.002526076","-0.002178001","-0.001739448","-0.001256652","-0.000783983","-0.000290426","0.000309936","0.001016202","0.001706384","0.002370203","0.003083603","0.003865073","0.004637129","0.005278316","0.005660932","0.005548741","0.004764957","0.003503806","0.001992741","0.000446293","-0.000940904","-0.00209262","-0.003017493","-0.003748919","-0.004382832","-0.004764041","-0.004790137"
"-0.00150186","-0.001285498","-0.000958778","-0.000544892","-0.000142992","0.000165626","0.000307781","0.000392905","0.00068644","0.00115995","0.001712504","0.002271149","0.002626524","0.002583846","0.002230933","0.001736307","0.001182035","0.000637156","0.000128541","-0.000368407","-0.000863838","-0.001304463","-0.001625324","-0.001779257","-0.001719962","-0.001415302","-0.000854883","-0.0000710864","0.000838541","0.00172984","0.002462446","0.002826426","0.002639073","0.00206538","0.001440714","0.000861937","0.000294724","-0.000261621","-0.000844159","-0.001441393","-0.001978123","-0.002392407","-0.002663439","-0.002768798","-0.00270677","-0.002489995","-0.002142448","-0.00170333","-0.001220979","-0.000745896","-0.000251107","0.000342333","0.001044247","0.001726383","0.002379644","0.00308564","0.003859219","0.004626246","0.005265142","0.005656094","0.005542764","0.004757011","0.003496788","0.001989638","0.0004356","-0.000959294","-0.002115289","-0.003041601","-0.003789041","-0.004414288","-0.004799674","-0.004837811"
"-0.00150052","-0.001288926","-0.000967093","-0.000559848","-0.000167257","0.000138891","0.000280789","0.000370015","0.000662401","0.001135936","0.001697832","0.002276393","0.002648954","0.002616484","0.002267366","0.001775213","0.001224356","0.0006835","0.000176869","-0.000321489","-0.000820238","-0.001270193","-0.001603446","-0.001772301","-0.001728325","-0.001435695","-0.00088557","-0.000104936","0.000809911","0.001716055","0.002467998","0.002849008","0.00266215","0.00208157","0.001451463","0.000872048","0.000304189","-0.000253995","-0.000843107","-0.001447408","-0.001991921","-0.002417573","-0.002696586","-0.00280775","-0.002749187","-0.002529155","-0.002177121","-0.001731735","-0.001248102","-0.000770245","-0.000275254","0.000321239","0.001024841","0.001708396","0.00236552","0.003069079","0.003830802","0.004586198","0.005217877","0.005601953","0.005476752","0.004702986","0.00345654","0.001973133","0.000451867","-0.000925642","-0.00206859","-0.002980491","-0.003713976","-0.004336408","-0.004729114","-0.004777953"
"-0.001445107","-0.001240997","-0.000929353","-0.000535029","-0.000151561","0.000143848","0.000279916","0.000364171","0.000644655","0.001100369","0.00164208","0.002196206","0.002555185","0.002521836","0.002183107","0.001705328","0.001171318","0.000650105","0.000164445","-0.000313125","-0.00079262","-0.001225351","-0.001545943","-0.001709239","-0.001668846","-0.001393137","-0.000869186","-0.000121281","0.000759847","0.001632929","0.002356892","0.002724399","0.002546156","0.001987186","0.001386624","0.000834611","0.000295682","-0.00023223","-0.000790403","-0.00136737","-0.001888266","-0.002292622","-0.002558264","-0.002667029","-0.002614056","-0.002409903","-0.002078053","-0.001655948","-0.001195446","-0.000740994","-0.000271468","0.000303468","0.00097808","0.001629499","0.002261324","0.002942285","0.003685905","0.004439957","0.005060022","0.005437337","0.005326929","0.004584957","0.003380931","0.001930122","0.000458313","-0.000882805","-0.00199239","-0.002890019","-0.003598138","-0.004203222","-0.00460171","-0.00465206"
"-0.00140529","-0.001206321","-0.000900136","-0.000512569","-0.000138101","0.000151287","0.000280581","0.000359051","0.000638138","0.001090428","0.001619728","0.002159028","0.002502786","0.002466196","0.002135286","0.001668084","0.001144129","0.00062964","0.000147007","-0.0003262","-0.000797673","-0.001222661","-0.001532429","-0.001686905","-0.001635453","-0.001350158","-0.000822079","-0.0000791936","0.000789228","0.001641057","0.002343362","0.002693618","0.002516595","0.00197403","0.001382035","0.000832284","0.000292855","-0.000237229","-0.000786713","-0.001355349","-0.001872477","-0.002277673","-0.002543079","-0.002647988","-0.002592583","-0.002387411","-0.002056946","-0.001638249","-0.001181113","-0.000730564","-0.000258323","0.000310945","0.00098144","0.001634769","0.002260014","0.002931829","0.003658081","0.004390123","0.004996323","0.005366172","0.005239531","0.004486996","0.003289741","0.001863585","0.000407596","-0.000918551","-0.002012704","-0.00288851","-0.003584781","-0.004174685","-0.004541831","-0.00457951"
"-0.001301506","-0.001124769","-0.000851559","-0.000500831","-0.000159995","0.000106007","0.000234115","0.000324039","0.000598018","0.001041815","0.001570633","0.002111316","0.002457226","0.002426632","0.002100933","0.00164174","0.001126921","0.000621898","0.000149134","-0.000314116","-0.000775679","-0.001190766","-0.001495601","-0.001648712","-0.001600842","-0.001323789","-0.000806528","-0.0000749373","0.000781859","0.001629515","0.002330489","0.002678021","0.0025019","0.001957075","0.001363999","0.000816614","0.000288764","-0.000228661","-0.000771069","-0.001331003","-0.001841108","-0.002244091","-0.002510821","-0.002621807","-0.002578142","-0.002382688","-0.002060955","-0.001646582","-0.001194033","-0.000748926","-0.000282929","0.000275239","0.000937611","0.001576034","0.002191524","0.002846559","0.003547699","0.004230926","0.004786014","0.005108453","0.004985561","0.004264635","0.003121504","0.0017571","0.000370264","-0.000881287","-0.001917318","-0.002743656","-0.003409174","-0.003972818","-0.004312545","-0.004339276"
"-0.001493775","-0.001285369","-0.000963326","-0.000557495","-0.000167806","0.000136074","0.000282273","0.000372797","0.000673256","0.001156171","0.001723694","0.002308715","0.002683358","0.002645446","0.002287641","0.001779097","0.001212631","0.000661197","0.000143325","-0.000363515","-0.00086797","-0.00132094","-0.001653042","-0.001819446","-0.001769169","-0.001467657","-0.000904352","-0.000110461","0.000818465","0.001736008","0.002496419","0.002878539","0.002686915","0.002100518","0.001464144","0.000878046","0.000310234","-0.000254676","-0.000848774","-0.001455414","-0.00200336","-0.00242959","-0.002707717","-0.002817017","-0.002758699","-0.002537683","-0.002183694","-0.001738052","-0.001253714","-0.000773604","-0.000280986","0.000312871","0.001019533","0.00170216","0.002363651","0.003082172","0.003867194","0.004654468","0.005304743","0.005702857","0.005589749","0.004815776","0.003562887","0.002039743","0.000502925","-0.000899275","-0.002060777","-0.002988982","-0.003734723","-0.004377334","-0.004790309","-0.004845061"
"-0.001489404","-0.001282148","-0.00096443","-0.000561277","-0.000168913","0.000139048","0.000288393","0.000384138","0.000686518","0.001169895","0.001735611","0.002308588","0.002672679","0.002632899","0.002279454","0.001776752","0.00121218","0.000661645","0.000143093","-0.000366062","-0.000871688","-0.001322458","-0.001650506","-0.001809188","-0.001749793","-0.001440876","-0.000874209","-0.0000810167","0.000838546","0.001738673","0.002478878","0.002843495","0.002653987","0.002076019","0.0014472","0.000864312","0.000294102","-0.000265571","-0.000846714","-0.001444766","-0.001983382","-0.00240279","-0.002676392","-0.002784892","-0.002725833","-0.002509886","-0.002161333","-0.001720115","-0.001241808","-0.000767572","-0.000271298","0.000323936","0.001026118","0.001708133","0.002372338","0.003079877","0.003846842","0.004605407","0.005234011","0.005600003","0.005466354","0.004689734","0.003446166","0.001950926","0.000430275","-0.000945808","-0.002088831","-0.002999534","-0.003721508","-0.004338571","-0.004707304","-0.004733526"
"-0.001482265","-0.001266042","-0.000939886","-0.000529428","-0.000131942","0.000174626","0.000312067","0.000389635","0.000665242","0.001115359","0.001639583","0.002169603","0.002506626","0.002467448","0.002135674","0.001664363","0.001138999","0.000624588","0.000143082","-0.000333471","-0.000804162","-0.001226684","-0.00153448","-0.001687034","-0.00163492","-0.001345944","-0.000815427","-0.0000724578","0.000786858","0.001631759","0.002327011","0.002671869","0.002494511","0.001956638","0.001365995","0.000817698","0.00028297","-0.000240575","-0.000784756","-0.00134372","-0.001852033","-0.002249455","-0.002506642","-0.002611534","-0.00255737","-0.002350512","-0.00202185","-0.001610046","-0.001160607","-0.000709273","-0.000239602","0.00032809","0.000998428","0.001652766","0.002283296","0.002969614","0.003728489","0.004493793","0.005137254","0.005530594","0.005403065","0.004634537","0.003403736","0.00191813","0.000401703","-0.000956026","-0.00208568","-0.002990234","-0.00370119","-0.00429757","-0.004685948","-0.004734431"
"-0.001474314","-0.001262","-0.000940683","-0.000535554","-0.000144955","0.000156715","0.00029239","0.000368259","0.000643589","0.001097801","0.001637768","0.002196787","0.00255842","0.002529181","0.00219497","0.001718104","0.001188063","0.000671645","0.00018773","-0.000289883","-0.000767831","-0.00119999","-0.001522821","-0.001692202","-0.00165903","-0.001391372","-0.000875055","-0.000134234","0.00073827","0.001606568","0.002329731","0.00269685","0.002518379","0.001963299","0.001367821","0.000824209","0.000299938","-0.000216486","-0.000759765","-0.001321938","-0.001832316","-0.002235172","-0.002504857","-0.002618346","-0.002574565","-0.002377691","-0.002052442","-0.001637396","-0.001186994","-0.000740882","-0.000278606","0.000289657","0.000963616","0.001617384","0.002253258","0.002943678","0.003708066","0.004482378","0.005122911","0.005515902","0.005400433","0.004637692","0.003403208","0.001922996","0.00042381","-0.000935209","-0.002060483","-0.00295629","-0.003669951","-0.004269069","-0.004633859","-0.004663981"
"-0.001506363","-0.001293082","-0.00096979","-0.000558469","-0.000157089","0.000156807","0.000301848","0.000385572","0.000676073","0.001151908","0.001716057","0.002292753","0.002663697","0.002630331","0.002281178","0.001783147","0.001230082","0.000687035","0.000180378","-0.000318859","-0.000818187","-0.001268501","-0.001600261","-0.001768534","-0.001720087","-0.001424293","-0.000870326","-0.000087297","0.000829935","0.00173752","0.002487991","0.002865516","0.002678018","0.002097697","0.001464823","0.000881152","0.000314572","-0.000239442","-0.000818353","-0.001421585","-0.001972299","-0.002407182","-0.002695671","-0.002817822","-0.002772795","-0.002567116","-0.002224462","-0.001783414","-0.0012961","-0.00081259","-0.0003071","0.000306159","0.001030928","0.001731669","0.002408689","0.003131056","0.003925601","0.004702625","0.005342799","0.005737588","0.005605816","0.004805254","0.003519044","0.001979536","0.000412242","-0.00099453","-0.00216531","-0.0030924","-0.003813627","-0.004431136","-0.004820391","-0.004851752"
"-0.001465441","-0.001244672","-0.000915242","-0.000501988","-0.000102426","0.00020087","0.000327892","0.000391731","0.000657065","0.00109127","0.00159753","0.002105328","0.002427076","0.002385947","0.002062535","0.001608126","0.00110387","0.000611013","0.000147327","-0.000307251","-0.000760276","-0.001165782","-0.001464766","-0.001613352","-0.001566291","-0.001292748","-0.000787869","-0.0000802448","0.000738131","0.001540195","0.00219853","0.002523778","0.002349137","0.001831339","0.00127219","0.000760199","0.000258473","-0.000226237","-0.000723112","-0.001240551","-0.001712409","-0.002085485","-0.002330331","-0.002428703","-0.002383088","-0.002194222","-0.001889734","-0.001501747","-0.001083987","-0.000662383","-0.000221514","0.000320234","0.000960836","0.001585577","0.002190257","0.002849185","0.003587422","0.004357328","0.005006257","0.005393171","0.00527767","0.004514596","0.003291386","0.00182892","0.000332061","-0.001010174","-0.002111446","-0.002991073","-0.003667827","-0.004233387","-0.004609692","-0.004655601"
"-0.001477612","-0.001268566","-0.000950643","-0.000547405","-0.000154496","0.000152206","0.000300961","0.000393337","0.000690431","0.001166524","0.00171954","0.002278123","0.002630055","0.00258633","0.002233403","0.001736497","0.001179775","0.000634031","0.000120816","-0.00038126","-0.00087742","-0.001320082","-0.001639779","-0.00179288","-0.001727556","-0.001413896","-0.00084671","-0.000058143","0.000853393","0.001742188","0.002473343","0.002835466","0.002650453","0.00208278","0.001457591","0.000875653","0.000305341","-0.000257471","-0.000836415","-0.001430261","-0.001972895","-0.002396177","-0.002670126","-0.002777288","-0.002720811","-0.00250654","-0.002158775","-0.001719585","-0.00124074","-0.000763199","-0.000267191","0.000326419","0.001030423","0.001713488","0.002369213","0.003073115","0.00383166","0.00458852","0.005221261","0.005603681","0.005468897","0.004688499","0.003448102","0.001955297","0.000434223","-0.000939561","-0.002070484","-0.002981679","-0.003706808","-0.00433018","-0.004714682","-0.004746471"
"-0.001538473","-0.00132866","-0.001004315","-0.000593069","-0.00019569","0.000115241","0.0002695","0.000366492","0.000672455","0.001168526","0.001764555","0.002384901","0.002787723","0.002759407","0.002396086","0.001879653","0.001301862","0.000737271","0.00020623","-0.000317486","-0.000842171","-0.001317408","-0.001669582","-0.001853706","-0.001812753","-0.001512956","-0.000944623","-0.000132324","0.000824644","0.001776493","0.00256948","0.002972068","0.002776429","0.002164933","0.001506726","0.000903592","0.000315248","-0.000267028","-0.000875717","-0.001503628","-0.002070911","-0.002518192","-0.002810933","-0.002930984","-0.002874393","-0.002650622","-0.002286903","-0.001823713","-0.001322567","-0.00082582","-0.000312631","0.000307861","0.001038685","0.00175097","0.002437992","0.003175604","0.003974989","0.004765833","0.005420417","0.005817925","0.005693243","0.004897507","0.003623754","0.002094531","0.00052455","-0.000904799","-0.002098334","-0.00304564","-0.003800394","-0.004453049","-0.004864289","-0.00490599"
"-0.001514664","-0.001301794","-0.000976208","-0.000564854","-0.000167481","0.000141476","0.000288515","0.000377574","0.00067435","0.001152117","0.001717761","0.002298682","0.002672424","0.002636468","0.002283022","0.001779818","0.001218065","0.000670911","0.00015877","-0.000343323","-0.000843759","-0.001295542","-0.00162663","-0.00179466","-0.001746508","-0.00145079","-0.000899494","-0.000119236","0.000797221","0.001699958","0.002450263","0.00283248","0.002645065","0.002066343","0.001437213","0.000860079","0.000297572","-0.000255455","-0.000836329","-0.001432358","-0.00196744","-0.002383056","-0.002655333","-0.002762761","-0.002701625","-0.002487502","-0.002141968","-0.001701187","-0.001226451","-0.000755821","-0.000270943","0.000317468","0.001011051","0.001687331","0.0023373","0.003049346","0.003826316","0.004608522","0.005259089","0.005663096","0.005549819","0.004787005","0.003540864","0.002040996","0.000505601","-0.000882817","-0.002039566","-0.002969768","-0.003721063","-0.004370355","-0.004773634","-0.004813985"
"-0.00153473","-0.001313312","-0.000974949","-0.000551723","-0.000142632","0.000170973","0.000309975","0.0003877","0.000677058","0.001144646","0.001694413","0.00225457","0.002611086","0.002570891","0.002221794","0.001727595","0.001175519","0.000639595","0.00013808","-0.000353103","-0.000841809","-0.001280751","-0.001602131","-0.001763025","-0.001710765","-0.001415468","-0.000866434","-0.0000924584","0.000810354","0.001697263","0.002432928","0.002801491","0.002618523","0.002049507","0.001430043","0.000859724","0.000296571","-0.000250434","-0.000821086","-0.001406192","-0.001938018","-0.00235384","-0.002624056","-0.002731997","-0.002676373","-0.002464089","-0.002116324","-0.00168049","-0.001206534","-0.000738321","-0.000252165","0.000334281","0.001027349","0.00169989","0.002353931","0.003072482","0.003855963","0.004661544","0.005335663","0.005760612","0.005654266","0.004866989","0.003598009","0.00206362","0.000485278","-0.000936683","-0.002115262","-0.003062755","-0.003841189","-0.004502413","-0.004930519","-0.004991977"